epoch,keras_fit,tape_eager,tape_graph
1,0.6567,0.6567,0.6567
2,0.4884,0.4884,0.4884
3,0.4185,0.4185,0.4185
4,0.3801,0.3801,0.3801
5,0.3552,0.3552,0.3552
6,0.3374,0.3374,0.3374
7,0.3240,0.3240,0.3240
8,0.3134,0.3134,0.3134
9,0.3049,0.3049,0.3049
10,0.2980,0.2980,0.2980
11,0.2923,0.2923,0.2923
12,0.2875,0.2875,0.2875
13,0.2835,0.2835,0.2835
14,0.2801,0.2801,0.2801
15,0.2772,0.2772,0.2772
16,0.2746,0.2746,0.2746
17,0.2724,0.2724,0.2724
18,0.2704,0.2704,0.2704
19,0.2686,0.2686,0.2686
20,0.2669,0.2669,0.2669
21,0.2653,0.2653,0.2653
22,0.2639,0.2639,0.2639
23,0.2625,0.2625,0.2625
24,0.2611,0.2611,0.2611
25,0.2598,0.2598,0.2598
26,0.2586,0.2586,0.2586
27,0.2573,0.2573,0.2573
28,0.2561,0.2561,0.2561
29,0.2548,0.2548,0.2548
30,0.2536,0.2536,0.2536
31,0.2523,0.2523,0.2523
32,0.2510,0.2510,0.2510
33,0.2497,0.2497,0.2497
34,0.2484,0.2484,0.2484
35,0.2471,0.2471,0.2471
36,0.2457,0.2457,0.2457
37,0.2443,0.2443,0.2443
38,0.2428,0.2428,0.2428
39,0.2413,0.2413,0.2413
40,0.2398,0.2398,0.2398
41,0.2382,0.2382,0.2382
42,0.2366,0.2366,0.2366
43,0.2350,0.2350,0.2350
44,0.2333,0.2333,0.2333
45,0.2316,0.2316,0.2316
46,0.2298,0.2298,0.2298
47,0.2279,0.2279,0.2279
48,0.2261,0.2261,0.2261
49,0.2242,0.2242,0.2242
50,0.2222,0.2222,0.2222
51,0.2202,0.2202,0.2202
52,0.2181,0.2181,0.2181
53,0.2160,0.2160,0.2160
54,0.2139,0.2139,0.2139
55,0.2117,0.2117,0.2117
56,0.2095,0.2095,0.2095
57,0.2073,0.2073,0.2073
58,0.2050,0.2050,0.2050
59,0.2027,0.2027,0.2027
60,0.2004,0.2004,0.2004
61,0.1980,0.1980,0.1980
62,0.1956,0.1956,0.1956
63,0.1932,0.1932,0.1932
64,0.1908,0.1908,0.1908
65,0.1884,0.1884,0.1884
66,0.1860,0.1860,0.1860
67,0.1835,0.1835,0.1835
68,0.1811,0.1811,0.1811
69,0.1787,0.1787,0.1787
70,0.1762,0.1762,0.1762
71,0.1738,0.1738,0.1738
72,0.1714,0.1714,0.1714
73,0.1690,0.1690,0.1690
74,0.1666,0.1666,0.1666
75,0.1642,0.1642,0.1642
76,0.1619,0.1619,0.1619
77,0.1595,0.1595,0.1595
78,0.1572,0.1572,0.1572
79,0.1549,0.1549,0.1549
80,0.1527,0.1527,0.1527
81,0.1504,0.1504,0.1504
82,0.1482,0.1482,0.1482
83,0.1460,0.1460,0.1460
84,0.1438,0.1438,0.1438
85,0.1417,0.1417,0.1417
86,0.1396,0.1396,0.1396
87,0.1375,0.1375,0.1375
88,0.1354,0.1354,0.1354
89,0.1334,0.1334,0.1334
90,0.1314,0.1314,0.1314
91,0.1295,0.1295,0.1295
92,0.1276,0.1276,0.1276
93,0.1257,0.1257,0.1257
94,0.1238,0.1238,0.1238
95,0.1220,0.1220,0.1220
96,0.1201,0.1201,0.1201
97,0.1184,0.1184,0.1184
98,0.1166,0.1166,0.1166
99,0.1149,0.1149,0.1149
100,0.1132,0.1132,0.1132
101,0.1116,0.1116,0.1116
102,0.1099,0.1099,0.1099
103,0.1083,0.1083,0.1083
104,0.1068,0.1068,0.1068
105,0.1052,0.1052,0.1052
106,0.1037,0.1037,0.1037
107,0.1022,0.1022,0.1022
108,0.1007,0.1007,0.1007
109,0.0993,0.0993,0.0993
110,0.0979,0.0979,0.0979
111,0.0965,0.0965,0.0965
112,0.0951,0.0951,0.0951
113,0.0938,0.0938,0.0938
114,0.0925,0.0925,0.0925
115,0.0912,0.0912,0.0912
116,0.0899,0.0899,0.0899
117,0.0887,0.0887,0.0887
118,0.0874,0.0874,0.0874
119,0.0862,0.0862,0.0862
120,0.0850,0.0850,0.0850
