epoch,scratch_rule_torch_seed,copied_scratch_weights,default_start
1,0.7541,0.4576,0.7011
2,0.5170,0.3803,0.6845
3,0.4517,0.3541,0.6691
4,0.4126,0.3363,0.6539
5,0.3844,0.3231,0.6377
6,0.3622,0.3129,0.6200
7,0.3444,0.3047,0.6003
8,0.3300,0.2980,0.5784
9,0.3183,0.2924,0.5546
10,0.3088,0.2876,0.5293
11,0.3010,0.2835,0.5037
12,0.2946,0.2799,0.4786
13,0.2893,0.2767,0.4551
14,0.2849,0.2739,0.4336
15,0.2812,0.2713,0.4145
16,0.2780,0.2690,0.3976
17,0.2753,0.2668,0.3826
18,0.2729,0.2648,0.3694
19,0.2708,0.2628,0.3576
20,0.2690,0.2610,0.3471
21,0.2673,0.2592,0.3376
22,0.2659,0.2574,0.3290
23,0.2645,0.2558,0.3214
24,0.2632,0.2541,0.3145
25,0.2620,0.2524,0.3084
26,0.2609,0.2508,0.3029
27,0.2599,0.2491,0.2981
28,0.2588,0.2474,0.2938
29,0.2578,0.2458,0.2901
30,0.2569,0.2441,0.2868
31,0.2559,0.2423,0.2839
32,0.2550,0.2406,0.2814
33,0.2541,0.2388,0.2792
34,0.2532,0.2369,0.2773
35,0.2522,0.2351,0.2756
36,0.2513,0.2331,0.2742
37,0.2504,0.2312,0.2729
38,0.2495,0.2291,0.2717
39,0.2485,0.2271,0.2707
40,0.2476,0.2249,0.2698
41,0.2466,0.2228,0.2690
42,0.2456,0.2205,0.2683
43,0.2446,0.2183,0.2677
44,0.2436,0.2159,0.2671
45,0.2425,0.2135,0.2666
46,0.2414,0.2111,0.2661
47,0.2404,0.2086,0.2657
48,0.2392,0.2061,0.2653
49,0.2381,0.2035,0.2650
50,0.2369,0.2009,0.2646
51,0.2357,0.1983,0.2643
52,0.2345,0.1956,0.2641
53,0.2332,0.1929,0.2638
54,0.2319,0.1901,0.2636
55,0.2306,0.1874,0.2633
56,0.2292,0.1846,0.2631
57,0.2278,0.1818,0.2629
58,0.2264,0.1790,0.2627
59,0.2249,0.1762,0.2626
60,0.2234,0.1734,0.2624
61,0.2218,0.1706,0.2622
62,0.2202,0.1678,0.2620
63,0.2186,0.1650,0.2619
64,0.2168,0.1622,0.2617
65,0.2151,0.1594,0.2616
66,0.2133,0.1567,0.2614
67,0.2114,0.1540,0.2613
68,0.2095,0.1513,0.2611
69,0.2075,0.1486,0.2610
70,0.2055,0.1460,0.2608
71,0.2035,0.1433,0.2607
72,0.2014,0.1408,0.2605
73,0.1992,0.1382,0.2604
74,0.1970,0.1357,0.2602
75,0.1948,0.1332,0.2601
76,0.1925,0.1308,0.2599
77,0.1903,0.1284,0.2598
78,0.1879,0.1261,0.2596
79,0.1856,0.1238,0.2595
80,0.1833,0.1215,0.2593
81,0.1809,0.1192,0.2592
82,0.1786,0.1171,0.2590
83,0.1762,0.1149,0.2588
84,0.1738,0.1128,0.2587
85,0.1715,0.1107,0.2585
86,0.1692,0.1087,0.2583
87,0.1669,0.1067,0.2581
88,0.1646,0.1048,0.2579
89,0.1623,0.1029,0.2577
90,0.1600,0.1010,0.2575
91,0.1578,0.0992,0.2573
92,0.1556,0.0974,0.2571
93,0.1534,0.0956,0.2568
94,0.1513,0.0939,0.2566
95,0.1492,0.0922,0.2563
96,0.1471,0.0906,0.2560
97,0.1450,0.0890,0.2557
98,0.1430,0.0874,0.2554
99,0.1410,0.0859,0.2551
100,0.1391,0.0844,0.2547
101,0.1371,0.0829,0.2543
102,0.1352,0.0814,0.2539
103,0.1334,0.0800,0.2535
104,0.1315,0.0787,0.2531
105,0.1297,0.0773,0.2526
106,0.1279,0.0760,0.2521
107,0.1261,0.0747,0.2515
108,0.1244,0.0735,0.2509
109,0.1227,0.0722,0.2503
110,0.1210,0.0710,0.2496
111,0.1194,0.0698,0.2489
112,0.1178,0.0687,0.2482
113,0.1162,0.0676,0.2474
114,0.1146,0.0665,0.2466
115,0.1130,0.0654,0.2457
116,0.1115,0.0643,0.2447
117,0.1100,0.0633,0.2437
118,0.1085,0.0623,0.2427
119,0.1071,0.0613,0.2416
120,0.1057,0.0604,0.2405
